Variant;AandeelWPNL;v2
s1a;0.948813778;
s1b;0.948813778;
s3a;0.83926528;
s3b;1;
s3c;1;
s3d;0.662176207;
s3e;1;
s3f;0.763566471;
s3h;1;